{"R1": {"0.1": {"R1 IoU": 0.6520681265206812}, "0.3": {"R1 IoU": 0.3759124087591241}, "0.5": {"R1 IoU": 0.18004866180048662}, "0.7": {"R1 IoU": 0.0681265206812652}, "0.9": {"R1 IoU": 0.024330900243309004}}, "dR1": {"0.1": {"dR1 IoU": 0.3768383110204464}, "0.3": {"dR1 IoU": 0.27350768048410123}, "0.5": {"dR1 IoU": 0.1555378156643973}, "0.7": {"dR1 IoU": 0.0642334711351187}, "0.9": {"dR1 IoU": 0.023854048861208947}}}