{"R1": {"0.1": {"R1 IoU": 0.6374695863746959}, "0.3": {"R1 IoU": 0.5486618004866181}, "0.5": {"R1 IoU": 0.39416058394160586}, "0.7": {"R1 IoU": 0.170316301703163}, "0.9": {"R1 IoU": 0.015815085158150853}}, "dR1": {"0.1": {"dR1 IoU": 0.5467350534860624}, "0.3": {"dR1 IoU": 0.48290004667399916}, "0.5": {"dR1 IoU": 0.35841974386145314}, "0.7": {"dR1 IoU": 0.1621972517889211}, "0.9": {"dR1 IoU": 0.015648288556786173}}}