{"0.1": {"R1 IoU": 0.6934306569343066}, "0.3": {"R1 IoU": 0.5948905109489051}, "0.5": {"R1 IoU": 0.39659367396593675}, "0.7": {"R1 IoU": 0.18491484184914841}, "0.9": {"R1 IoU": 0.040145985401459854}}