{"0.1": {"R1 IoU": 0.5608591885441527}, "0.3": {"R1 IoU": 0.42034606205250596}, "0.5": {"R1 IoU": 0.27804295942720764}, "0.7": {"R1 IoU": 0.10083532219570406}, "0.9": {"R1 IoU": 0.012529832935560859}}