{"0.1": {"R1 IoU": 0.39659367396593675}, "0.3": {"R1 IoU": 0.31873479318734793}, "0.5": {"R1 IoU": 0.21897810218978103}, "0.7": {"R1 IoU": 0.1070559610705596}, "0.9": {"R1 IoU": 0.0267639902676399}}