{"0.1": {"R1 IoU": 0.6375298329355609}, "0.3": {"R1 IoU": 0.4662887828162291}, "0.5": {"R1 IoU": 0.2947494033412888}, "0.7": {"R1 IoU": 0.12529832935560858}, "0.9": {"R1 IoU": 0.020883054892601432}}