{"0.1": {"R1 IoU": 0.6459854014598541}, "0.3": {"R1 IoU": 0.5644768856447688}, "0.5": {"R1 IoU": 0.42944038929440387}, "0.7": {"R1 IoU": 0.2141119221411192}, "0.9": {"R1 IoU": 0.0413625304136253}}