{"R1": {"0.1": {"R1 IoU": 0.5644768856447688}, "0.3": {"R1 IoU": 0.3442822384428224}, "0.5": {"R1 IoU": 0.09975669099756691}, "0.7": {"R1 IoU": 0.015815085158150853}, "0.9": {"R1 IoU": 0.0012165450121654502}}, "dR1": {"0.1": {"dR1 IoU": 0.4641062841883512}, "0.3": {"dR1 IoU": 0.2978744914192819}, "0.5": {"dR1 IoU": 0.09201544267604349}, "0.7": {"dR1 IoU": 0.015344627989780391}, "0.9": {"dR1 IoU": 0.0012165450121654502}}}