{"R1": {"0.1": {"R1 IoU": 0.6289537712895377}, "0.3": {"R1 IoU": 0.5389294403892944}, "0.5": {"R1 IoU": 0.4002433090024331}, "0.7": {"R1 IoU": 0.1922141119221411}, "0.9": {"R1 IoU": 0.023114355231143552}}, "dR1": {"0.1": {"dR1 IoU": 0.5406340073198571}, "0.3": {"dR1 IoU": 0.4759941061211654}, "0.5": {"dR1 IoU": 0.36466223588612173}, "0.7": {"dR1 IoU": 0.18228678324042968}, "0.9": {"dR1 IoU": 0.022855230163693913}}}