{"R1": {"0.1": {"R1 IoU": 0.648418491484185}, "0.3": {"R1 IoU": 0.5583941605839416}, "0.5": {"R1 IoU": 0.41849148418491483}, "0.7": {"R1 IoU": 0.17883211678832117}, "0.9": {"R1 IoU": 0.025547445255474453}}, "dR1": {"0.1": {"dR1 IoU": 0.557243096298519}, "0.3": {"dR1 IoU": 0.49266532384233275}, "0.5": {"dR1 IoU": 0.37914079201083206}, "0.7": {"dR1 IoU": 0.17005615071703906}, "0.9": {"dR1 IoU": 0.02522959244482467}}}