{"R1": {"0.1": {"R1 IoU": 0.5900243309002433}, "0.3": {"R1 IoU": 0.4708029197080292}, "0.5": {"R1 IoU": 0.33698296836982966}, "0.7": {"R1 IoU": 0.15693430656934307}, "0.9": {"R1 IoU": 0.0340632603406326}}, "dR1": {"0.1": {"dR1 IoU": 0.49706081358209053}, "0.3": {"dR1 IoU": 0.4125547559212803}, "0.5": {"dR1 IoU": 0.30646728371199766}, "0.7": {"dR1 IoU": 0.14813245677038497}, "0.9": {"dR1 IoU": 0.03330732823116787}}}