{"R1": {"0.1": {"R1 IoU": 0.6301703163017032}, "0.3": {"R1 IoU": 0.5401459854014599}, "0.5": {"R1 IoU": 0.402676399026764}, "0.7": {"R1 IoU": 0.19708029197080293}, "0.9": {"R1 IoU": 0.024330900243309004}}, "dR1": {"0.1": {"dR1 IoU": 0.5419493441613391}, "0.3": {"dR1 IoU": 0.47728229748088513}, "0.5": {"dR1 IoU": 0.3671501911946424}, "0.7": {"dR1 IoU": 0.18692401763729488}, "0.9": {"dR1 IoU": 0.024026340377138636}}}