{"R1": {"0.1": {"R1 IoU": 0.5462410501193318}, "0.3": {"R1 IoU": 0.40244630071599047}, "0.5": {"R1 IoU": 0.22374701670644392}, "0.7": {"R1 IoU": 0.08562052505966587}, "0.9": {"R1 IoU": 0.008353221957040573}}, "dR1": {"0.1": {"dR1 IoU": 0.42786932741092704}, "0.3": {"dR1 IoU": 0.33389000560797216}, "0.5": {"dR1 IoU": 0.1984061141905773}, "0.7": {"dR1 IoU": 0.08029122532168591}, "0.9": {"dR1 IoU": 0.008224612069433312}}}