{"R1_IoUm": {"0.1": 0.6184690157958688, "0.3": 0.5273390036452005, "0.5": 0.40097205346294046, "0.7": 0.2065613608748481, "0.9": 0.023086269744835967}, "DR1_IoUm": {"0.1": 0.5255222041476504, "0.3": 0.4628870631375103, "0.5": 0.36514271702373624, "0.7": 0.19484768073704017, "0.9": 0.022737758672888582}}