{"R1_IoUm": {"0.1": 0.5868772782503038, "0.3": 0.4835965978128797, "0.5": 0.3292831105710814, "0.7": 0.16160388821385177, "0.9": 0.031591737545565005}, "DR1_IoUm": {"0.1": 0.4995028648323688, "0.3": 0.42623927130372385, "0.5": 0.3030718203778657, "0.7": 0.1545021757349184, "0.9": 0.031099837758645034}}