{"R1_IoUm": {"0.1": 0.5499259259259259, "0.3": 0.4017777777777778, "0.5": 0.21244444444444444, "0.7": 0.08385185185185186, "0.9": 0.009777777777777778}, "DR1_IoUm": {"0.1": 0.43338561711303986, "0.3": 0.3354380223940152, "0.5": 0.18996975617199813, "0.7": 0.07941056078360216, "0.9": 0.009607956160165203}}