{"R1_IoUm": {"0.1": 0.5499259259259259, "0.3": 0.4017777777777778, "0.5": 0.21244444444444444, "0.7": 0.08385185185185186, "0.9": 0.009777777777777778}, "DR1_IoUm": {"0.1": 0.43414912120300303, "0.3": 0.3358942432711985, "0.5": 0.19017956864817268, "0.7": 0.07945157175500321, "0.9": 0.009610395810306772}}