{"R1_IoUm": {"0.1": 0.5868772782503038, "0.3": 0.4835965978128797, "0.5": 0.3292831105710814, "0.7": 0.16160388821385177, "0.9": 0.031591737545565005}, "DR1_IoUm": {"0.1": 0.49850478776669277, "0.3": 0.4256251494257518, "0.5": 0.3027935040629132, "0.7": 0.15442889961312994, "0.9": 0.03109787656326664}}