{"R1_IoUm": {"0.1": 0.5908148148148148, "0.3": 0.4536296296296296, "0.5": 0.2951111111111111, "0.7": 0.1037037037037037, "0.9": 0.008}, "DR1_IoUm": {"0.1": 0.4654062102691423, "0.3": 0.3779038543458177, "0.5": 0.2586538623993152, "0.7": 0.09629895664325963, "0.9": 0.00781023325431023}}