{"R1": {"0.1": {"R1 IoU": 0.6180048661800487}, "0.3": {"R1 IoU": 0.5328467153284672}, "0.5": {"R1 IoU": 0.3929440389294404}, "0.7": {"R1 IoU": 0.1873479318734793}, "0.9": {"R1 IoU": 0.019464720194647202}}, "dR1": {"0.1": {"dR1 IoU": 0.5324704708162928}, "0.3": {"dR1 IoU": 0.4707823307947397}, "0.5": {"dR1 IoU": 0.3585263763476036}, "0.7": {"dR1 IoU": 0.17783433469868162}, "0.9": {"dR1 IoU": 0.019195181030490317}}}