{"R1": {"0.1": {"R1 IoU": 0.5608591885441527}, "0.3": {"R1 IoU": 0.42034606205250596}, "0.5": {"R1 IoU": 0.27804295942720764}, "0.7": {"R1 IoU": 0.10083532219570406}, "0.9": {"R1 IoU": 0.012529832935560859}}, "dR1": {"0.1": {"dR1 IoU": 0.43963613203226687}, "0.3": {"dR1 IoU": 0.35058574731390124}, "0.5": {"dR1 IoU": 0.24364724034354027}, "0.7": {"dR1 IoU": 0.09389175808797799}, "0.9": {"dR1 IoU": 0.012291999246643788}}}