{"R1": {"0.1": {"R1 IoU": 0.6459854014598541}, "0.3": {"R1 IoU": 0.5644768856447688}, "0.5": {"R1 IoU": 0.42944038929440387}, "0.7": {"R1 IoU": 0.2141119221411192}, "0.9": {"R1 IoU": 0.0413625304136253}}, "dR1": {"0.1": {"dR1 IoU": 0.5530364059179391}, "0.3": {"dR1 IoU": 0.49695428786055096}, "0.5": {"dR1 IoU": 0.390163946945605}, "0.7": {"dR1 IoU": 0.20246392634724109}, "0.9": {"dR1 IoU": 0.04067655303883488}}}